Store,Link,Brand,Model,Package,Capacity,Discharge Rate,Weight,Length,Thickness,Width,Voltage
18650 battery store,https://www.18650batterystore.com/collections/18650-batteries/products/molicel-p28a,Molicel,p28a,Cylinder,2800,35,46,65.15,18.5,N/A,3.6
18650 battery store,https://www.18650batterystore.com/collections/18650-batteries/products/hohm-tech-life,Hohm Tech,Life v4,Cylinder,3015,22.1,49.6,65.15,18.5,N/A,3.65
18650 battery store,https://www.18650batterystore.com/collections/18650-batteries/products/samsung-25s,Samsung,25S,Cylinder,2500,35,45.8,65.15,18.5,N/A,3.6
18650 battery store,https://www.18650batterystore.com/collections/18650-batteries/products/hohm-tech-mega-18650,Hohm Tech,Mega 22A,Cylinder,2505,29.5,49.6,65.15,18.5,N/A,3.65
LiIon Wholesale,https://liionwholesale.com/collections/batteries/products/vapcell-k30-18650-15a-30a-flat-top-3000mah-battery-genuine?variant=31330442215493,VapCell,K30,Cylinder,2900,30,49,65.15,18.5,N/A,3.6
LiIon Wholesale,https://liionwholesale.com/collections/batteries/products/vapcell-18650-20a-flat-top-3000mah-battery-genuine?variant=6348046336032,VapCell,V30,Cylinder,2900,20,48,65.15,18.5,N/A,3.6
LiIon Wholesale,https://liionwholesale.com/collections/batteries/products/vapcell-k25-18650-20a-35a-flat-top-2500mah-battery-genuine?variant=31330442149957,VapCell,K25,Cylinder,2400,20,46,65.15,18.5,N/A,3.6
LiIon Wholesale,https://liionwholesale.com/collections/batteries/products/vapcell-q30-18650-20a-35a-flat-top-3000mah-battery-genuine?variant=40592456777797,VapCell,30Q,Cylinder,2900,20,48,65.15,18.5,N/A,3.6
Battery Junction,https://batteryjunction.com/batteries/shop-by-size/18650/samsung-inr18650-20s,Samsung,20S,Cylinder,2000,30,45.7,65.15,18.5,N/A,3.6
IMR Batteries,https://www.imrbatteries.com/samsung-25r-18650/,Samsung,25R,Cylinder,2500,20,45,65.15,18.5,N/A,3.6
IMR Batteries,https://www.imrbatteries.com/sony-murata-vtc4-18650-2100mah-30a-battery/,Sony,Murata VTC4,Cylinder,2100,30,45.3,65.15,18.5,N/A,3.6
IMR Batteries,https://www.imrbatteries.com/sony-murata-vtc5-18650-2600mah-20a-battery/,Sony,Murata VTC5,Cylinder,2600,20,44.1,65.15,18.5,N/A,3.6
IMR Batteries,https://www.imrbatteries.com/sony-murata-vtc5c-18650-2800mah-25a-battery/,Sony,Murata VTC5C,Cylinder,2800,35,46.52,65.15,18.5,N/A,3.6
18650 battery store,https://www.18650batterystore.com/collections/18650-batteries/products/sony-vtc5d,Sony,Murata VTC5D,Cylinder,2800,35,46.37,65.15,18.5,N/A,3.6
IMR Batteries,https://www.imrbatteries.com/sony-murata-vtc6-18650-3000mah-15a-battery/,Sony,Murata VTC6,Cylinder,3000,30,46.6,65.15,18.5,N/A,3.6
Amprius,file:///C:/Users/RaczT/Downloads/Amprius%20Product%20Catalog%202025.pdf,Amprius,SA02,Pouch,11250,33,111.2,139.3,6.74,52.1,3.5
Amprius,file:///C:/Users/RaczT/Downloads/Amprius%20Product%20Catalog%202025.pdf,Amprius,SA08,Pouch,11050,54,106.5,144,6.25,52,3.4
Amprius,file:///C:/Users/RaczT/Downloads/Amprius%20Product%20Catalog%202025.pdf,Amprius,SA30,Pouch,26000,103.2,266,144,7.76,106,3.4
Amprius,file:///C:/Users/RaczT/Downloads/Amprius%20Product%20Catalog%202025.pdf,Amprius,SA88,Pouch,10000,100,92,135.2,5.6,53.1,3.4
A123,https://www.buya123products.com/goodsdetail.php?i=6,A123,Lithium Werks ANR26650M1B,Cylinder,2600,50,76,65.15,25.96,N/A,3.3
A123,https://www.buya123products.com/goodsdetail.php?i=2,A123,Lithium Werks APR18650M1B,Cylinder,1200,30,39.5,64.95,18.3,N/A,3.3
GREPow,https://www.grepow.com/high-discharge-rate-battery/50c-rate-discharge-battery.html,GREPow,GRP51B5140,Pouch,6100,305,153,135,4.8,114,3.7
GREPow,https://www.grepow.com/high-discharge-rate-battery/40c-rate-discharge-battery.html,GREPow,GRP7018055,Pouch,520,20.8,12.8,55,6.7,18,3.7
GREPow,https://www.grepow.com/high-discharge-rate-battery/40c-rate-discharge-battery.html,GREPow,GRP5338064,Pouch,1050,42,25,65,5,38,3.7
GREPow,https://www.grepow.com/high-discharge-rate-battery/40c-rate-discharge-battery.html,GREPow,GRP5738064,Pouch,1200,48,28.5,65,5.7,38,3.7
GREPow,https://www.grepow.com/high-discharge-rate-battery/40c-rate-discharge-battery.html,GREPow,GRP7634066,Pouch,1350,54,31.6,65.5,7.3,33,3.7
GREPow,https://www.grepow.com/high-discharge-rate-battery/40c-rate-discharge-battery.html,GREPow,GRP7526089,Pouch,1400,48,33.5,89.5,7.2,25,3.7
GREPow,https://www.grepow.com/high-discharge-rate-battery/40c-rate-discharge-battery.html,GREPow,GRP7438064,Pouch,1550,62,35.5,65,7,38,3.7
GREPow,https://www.grepow.com/high-discharge-rate-battery/40c-rate-discharge-battery.html,GREPow,GRP8338064,Pouch,1650,66,39.5,64.5,8,37.5,3.7
GREPow,https://www.grepow.com/high-discharge-rate-battery/40c-rate-discharge-battery.html,GREPow,GRP6634096,Pouch,1800,72,42.5,96.5,6.3,33.5,3.7
GREPow,https://www.grepow.com/high-discharge-rate-battery/40c-rate-discharge-battery.html,GREPow,GRP7734096,Pouch,2200,80,51.5,96.5,7.5,33.5,3.7
GREPow,https://www.grepow.com/high-discharge-rate-battery/40c-rate-discharge-battery.html,GREPow,GRP4467100,Pouch,2300,92,55,99.5,4.2,66.5,3.7
GREPow,https://www.grepow.com/high-discharge-rate-battery/40c-rate-discharge-battery.html,GREPow,GRP8242085,Pouch,2400,96,59,86.5,7.9,41.5,3.7
GREPow,https://www.grepow.com/high-discharge-rate-battery/40c-rate-discharge-battery.html,GREPow,GRP8534113,Pouch,2500,100,58,110.5,8,33.5,3.7
GREPow,https://www.grepow.com/high-discharge-rate-battery/40c-rate-discharge-battery.html,GREPow,GRP8534106,Pouch,2650,80,62.5,106,8.3,33.5,3.7
GREPow,https://www.grepow.com/high-discharge-rate-battery/40c-rate-discharge-battery.html,GREPow,GRP6842126,Pouch,3000,120,70,126.5,6.5,41.5,3.7
GREPow,https://www.grepow.com/high-discharge-rate-battery/40c-rate-discharge-battery.html,GREPow,GRP7242126,Pouch,3200,120,75,126.5,6.8,41.5,3.7
GREPow,https://www.grepow.com/high-discharge-rate-battery/40c-rate-discharge-battery.html,GREPow,GRP7442126,Pouch,3300,120,80,126.5,7.1,41.5,3.7
GREPow,https://www.grepow.com/high-discharge-rate-battery/40c-rate-discharge-battery.html,GREPow,GRP6567104,Pouch,3400,120,80,103,6.2,66,3.7
GREPow,https://www.grepow.com/high-discharge-rate-battery/40c-rate-discharge-battery.html,GREPow,GRP7243128,Pouch,3500,96,82.5,127.5,7.1,42.5,3.7
GREPow,https://www.grepow.com/high-discharge-rate-battery/40c-rate-discharge-battery.html,GREPow,GRP8142126,Pouch,3700,120,85,126.5,7.7,41.5,3.7
GREPow,https://www.grepow.com/high-discharge-rate-battery/40c-rate-discharge-battery.html,GREPow,GRP8242126,Pouch,4000,120,92,127,8,41.5,3.7
GREPow,https://www.grepow.com/high-discharge-rate-battery/40c-rate-discharge-battery.html,GREPow,GRP8842126,Pouch,4300,120,99.5,127,8.6,41.5,3.7
GREPow,https://www.grepow.com/high-discharge-rate-battery/40c-rate-discharge-battery.html,GREPow,GRP7349135,Pouch,4400,120,102,135.5,7.2,48.5,3.7
GREPow,https://www.grepow.com/high-discharge-rate-battery/40c-rate-discharge-battery.html,GREPow,GRP7649135,Pouch,4500,120,99.5,135.5,7.2,48.5,3.7
GREPow,https://www.grepow.com/high-discharge-rate-battery/40c-rate-discharge-battery.html,GREPow,GRP7745150,Pouch,5000,120,113.5,149.5,7.4,44.5,3.7
GREPow,https://www.grepow.com/high-discharge-rate-battery/40c-rate-discharge-battery.html,GREPow,GRP8049135,Pouch,5100,120,114.5,135.5,7.7,48.5,3.7
GREPow,https://www.grepow.com/high-discharge-rate-battery/40c-rate-discharge-battery.html,GREPow,GRP9249135,Pouch,5600,120,128,135.5,9,48.5,3.7
GREPow,https://www.grepow.com/high-discharge-rate-battery/40c-rate-discharge-battery.html,GREPow,GRP7470140,Pouch,6000,200,140,139,7.1,69.5,3.7
GREPow,https://www.grepow.com/high-discharge-rate-battery/40c-rate-discharge-battery.html,GREPow,GRP48B5140,Pouch,6100,240,146,139,4.6,114.5,3.7
GREPow,https://www.grepow.com/high-discharge-rate-battery/40c-rate-discharge-battery.html,GREPow,GRP49B5140,Pouch,6250,240,150,139,4.7,114.5,3.7
GREPow,https://www.grepow.com/high-discharge-rate-battery/40c-rate-discharge-battery.html,GREPow,GRP78C0130,Pouch,10000,130,235,129.5,7.5,119.5,3.7
GREPow,https://www.grepow.com/high-discharge-rate-battery/40c-rate-discharge-battery.html,GREPow,GRPB090155,Pouch,11500,149.5,275,154,10.7,89.5,3.7
GREPow,https://www.grepow.com/high-discharge-rate-battery/40c-rate-discharge-battery.html,GREPow,GRP91C0130,Pouch,12000,156,273,129,8.8,119,3.7
GREPow,https://www.grepow.com/high-discharge-rate-battery/40c-rate-discharge-battery.html,GREPow,GRPA2C0130,Pouch,13000,169,300,129.5,9.9,119.5,3.7
GREPow,https://www.grepow.com/high-discharge-rate-battery/35c-rate-discharge-battery.html,GREPow,GRP7330048,Pouch,800,28,21,49.5,7,29.5,3.7
GREPow,https://www.grepow.com/high-discharge-rate-battery/35c-rate-discharge-battery.html,GREPow,GRP5435062,Pouch,1000,35,22.5,62.5,5.2,34.5,3.7
GREPow,https://www.grepow.com/high-discharge-rate-battery/35c-rate-discharge-battery.html,GREPow,GRP6729078,Pouch,1200,42,27.5,76.5,6.5,28,3.7
GREPow,https://www.grepow.com/high-discharge-rate-battery/35c-rate-discharge-battery.html,GREPow,GRP4542080,Pouch,1250,43.75,29,80.5,4.3,41.5,3.7
GREPow,https://www.grepow.com/high-discharge-rate-battery/35c-rate-discharge-battery.html,GREPow,GRP6735062,Pouch,1300,45.5,28.5,62.5,6.5,34.5,3.7
GREPow,https://www.grepow.com/high-discharge-rate-battery/35c-rate-discharge-battery.html,GREPow,GRP4534106,Pouch,1450,50.75,33,105.5,4.3,33.5,3.7
GREPow,https://www.grepow.com/high-discharge-rate-battery/35c-rate-discharge-battery.html,GREPow,GRP7026089,Pouch,1500,48,32,88.5,6.6,25.5,3.7
GREPow,https://www.grepow.com/high-discharge-rate-battery/35c-rate-discharge-battery.html,GREPow,GRP8635062,Pouch,1550,54.25,35,63,8.1,34.3,3.7
GREPow,https://www.grepow.com/high-discharge-rate-battery/35c-rate-discharge-battery.html,GREPow,GRP6934082,Pouch,1700,59.5,38,83,6.7,33.5,3.7
GREPow,https://www.grepow.com/high-discharge-rate-battery/35c-rate-discharge-battery.html,GREPow,GRP3967086,Pouch,1800,63,41,85.5,3.7,66,3.7
GREPow,https://www.grepow.com/high-discharge-rate-battery/35c-rate-discharge-battery.html,GREPow,GRP7834096,Pouch,2200,77,49.5,96.5,7.5,33.5,3.7
GREPow,https://www.grepow.com/high-discharge-rate-battery/35c-rate-discharge-battery.html,GREPow,GRP7234096,Pouch,2300,80,49.5,96.5,7,33.5,3.7
GREPow,https://www.grepow.com/high-discharge-rate-battery/35c-rate-discharge-battery.html,GREPow,GRP5838115,Pouch,2400,84,53,115.5,5.5,38,3.7
GREPow,https://www.grepow.com/high-discharge-rate-battery/35c-rate-discharge-battery.html,GREPow,GRP6260078,Pouch,2500,87.5,56,78.5,6,59.5,3.7
GREPow,https://www.grepow.com/high-discharge-rate-battery/35c-rate-discharge-battery.html,GREPow,GRP7839090,Pouch,2600,91,56,90,7.5,38.5,3.7
GREPow,https://www.grepow.com/high-discharge-rate-battery/35c-rate-discharge-battery.html,GREPow,GRP8534106,Pouch,2650,80,59.5,106,8.2,33.5,3.7
GREPow,https://www.grepow.com/high-discharge-rate-battery/35c-rate-discharge-battery.html,GREPow,GRP5342126,Pouch,2800,96,60.5,126.5,5.2,41.5,3.7
GREPow,https://www.grepow.com/high-discharge-rate-battery/35c-rate-discharge-battery.html,GREPow,GRP6436128,Pouch,3000,80,64,127.5,6.2,35.5,3.7
GREPow,https://www.grepow.com/high-discharge-rate-battery/35c-rate-discharge-battery.html,GREPow,GRP5744120,Pouch,3100,108.5,66,119.5,5.5,43.5,3.7
GREPow,https://www.grepow.com/high-discharge-rate-battery/35c-rate-discharge-battery.html,GREPow,GRP6342126,Pouch,3200,96,70.5,126.5,6.3,41.5,3.7
GREPow,https://www.grepow.com/high-discharge-rate-battery/35c-rate-discharge-battery.html,GREPow,GRP6842126,Pouch,3400,96,74,126.5,6.6,41.5,3.7
GREPow,https://www.grepow.com/high-discharge-rate-battery/35c-rate-discharge-battery.html,GREPow,GRP7243128,Pouch,3500,96,77.5,127.5,6.9,42.5,3.7
GREPow,https://www.grepow.com/high-discharge-rate-battery/35c-rate-discharge-battery.html,GREPow,GRP7042126,Pouch,3700,96,77.5,127.5,6.7,41.5,3.7
GREPow,https://www.grepow.com/high-discharge-rate-battery/35c-rate-discharge-battery.html,GREPow,GRP8242126,Pouch,4000,120,89.5,127.5,8,41.5,3.7
GREPow,https://www.grepow.com/high-discharge-rate-battery/35c-rate-discharge-battery.html,GREPow,GRP6145150,Pouch,4100,120,88,149.5,5.9,44.5,3.7
GREPow,https://www.grepow.com/high-discharge-rate-battery/35c-rate-discharge-battery.html,GREPow,GRP8142126,Pouch,4300,120,93,127,7.7,41.5,3.7
GREPow,https://www.grepow.com/high-discharge-rate-battery/35c-rate-discharge-battery.html,GREPow,GRP7245150,Pouch,4600,120,100.5,149.5,6.9,44.5,3.7
GREPow,https://www.grepow.com/high-discharge-rate-battery/35c-rate-discharge-battery.html,GREPow,GRP9542126,Pouch,4700,120,109,127,9.2,41.5,3.7
GREPow,https://www.grepow.com/high-discharge-rate-battery/35c-rate-discharge-battery.html,GREPow,GRP9142124,Pouch,5000,120,104,125,8.8,41.5,3.7
GREPow,https://www.grepow.com/high-discharge-rate-battery/35c-rate-discharge-battery.html,GREPow,GRP9742124,Pouch,5200,120,109.5,125,9.4,41.5,3.7
GREPow,https://www.grepow.com/high-discharge-rate-battery/35c-rate-discharge-battery.html,GREPow,GRPA042124,Pouch,5500,120,114.5,125,9.8,42.5,3.7
GREPow,https://www.grepow.com/high-discharge-rate-battery/35c-rate-discharge-battery.html,GREPow,GRP7745150,Pouch,5600,120,116,150,7.4,44.5,3.7
GREPow,https://www.grepow.com/high-discharge-rate-battery/35c-rate-discharge-battery.html,GREPow,GRP8345150,Pouch,5700,120,122,149.5,8.1,44.5,3.7
GREPow,https://www.grepow.com/high-discharge-rate-battery/35c-rate-discharge-battery.html,GREPow,GRP9846143,Pouch,6800,120,142.5,144,9.6,45.5,3.7
GREPow,https://www.grepow.com/high-discharge-rate-battery/35c-rate-discharge-battery.html,GREPow,GRPA064159,Pouch,10000,120,212,158,9.5,64,3.7
GREPow,https://www.grepow.com/high-discharge-rate-battery/35c-rate-discharge-battery.html,GREPow,GRPB4A6232,Pouch,30000,270,602,232,11.1,105.5,3.7
GREPow,https://www.grepow.com/high-discharge-rate-battery/30c-rate-discharge-battery.html,GREPow,GRP6723042,Pouch,500,15,11.5,42.5,6.3,23,3.7
GREPow,https://www.grepow.com/high-discharge-rate-battery/30c-rate-discharge-battery.html,GREPow,GRP8924048,Pouch,850,25.5,19,49,6.3,24,3.7
GREPow,https://www.grepow.com/high-discharge-rate-battery/30c-rate-discharge-battery.html,GREPow,GRP5330085,Pouch,1250,37.5,27,85.5,5.2,29.5,3.7
GREPow,https://www.grepow.com/high-discharge-rate-battery/30c-rate-discharge-battery.html,GREPow,GRP6535062,Pouch,1300,39,27,62.5,6.2,34.5,3.7
GREPow,https://www.grepow.com/high-discharge-rate-battery/30c-rate-discharge-battery.html,GREPow,GRP4634106,Pouch,1450,43.5,32.5,105.5,4.4,33.5,3.7
GREPow,https://www.grepow.com/high-discharge-rate-battery/30c-rate-discharge-battery.html,GREPow,GRP7535062,Pouch,1500,45,31.5,63,7.2,34.5,3.7
GREPow,https://www.grepow.com/high-discharge-rate-battery/30c-rate-discharge-battery.html,GREPow,GRP6830085,Pouch,1600,48,34,85.5,6.6,29.5,3.7
GREPow,https://www.grepow.com/high-discharge-rate-battery/30c-rate-discharge-battery.html,GREPow,GRP5734096,Pouch,1800,54,37,96.5,5.5,33.5,3.7
GREPow,https://www.grepow.com/high-discharge-rate-battery/30c-rate-discharge-battery.html,GREPow,GRP9134074,Pouch,2200,66,45.5,73.5,8.8,33.5,3.7
GREPow,https://www.grepow.com/high-discharge-rate-battery/30c-rate-discharge-battery.html,GREPow,GRP5738115,Pouch,2400,72,52,115.5,5.6,38,3.7
GREPow,https://www.grepow.com/high-discharge-rate-battery/30c-rate-discharge-battery.html,GREPow,GRP7934096,Pouch,2600,78,53,97,7.6,33.5,3.7
GREPow,https://www.grepow.com/high-discharge-rate-battery/30c-rate-discharge-battery.html,GREPow,GRP5542126,Pouch,2800,80,59,126.5,5.3,41.5,3.7
GREPow,https://www.grepow.com/high-discharge-rate-battery/30c-rate-discharge-battery.html,GREPow,GRP5642126,Pouch,3000,90,63.5,126.5,5.5,41.5,3.7
GREPow,https://www.grepow.com/high-discharge-rate-battery/30c-rate-discharge-battery.html,GREPow,GRP6342126,Pouch,3400,96,70.5,126.5,6.1,41.5,3.7
GREPow,https://www.grepow.com/high-discharge-rate-battery/30c-rate-discharge-battery.html,GREPow,GRP6742126,Pouch,3700,96,77.5,126.5,6.5,41.5,3.7
GREPow,https://www.grepow.com/high-discharge-rate-battery/30c-rate-discharge-battery.html,GREPow,GRP7242126,Pouch,4000,96,80.5,127.5,6.9,41.5,3.7
GREPow,https://www.grepow.com/high-discharge-rate-battery/30c-rate-discharge-battery.html,GREPow,GRP7942126,Pouch,4200,120,86,126.5,7.5,41.5,3.7
GREPow,https://www.grepow.com/high-discharge-rate-battery/30c-rate-discharge-battery.html,GREPow,GRP7742126,Pouch,4300,120,88.5,127,7.4,41.5,3.7
GREPow,https://www.grepow.com/high-discharge-rate-battery/30c-rate-discharge-battery.html,GREPow,GRP8242126,Pouch,4500,120,92,127,8,41.5,3.7
GREPow,https://www.grepow.com/high-discharge-rate-battery/30c-rate-discharge-battery.html,GREPow,GRP6845150,Pouch,4800,120,97.5,149.5,6.6,44.5,3.7
GREPow,https://www.grepow.com/high-discharge-rate-battery/30c-rate-discharge-battery.html,GREPow,GRP8944120,Pouch,5000,120,100,119.5,8.6,43.5,3.7
GREPow,https://www.grepow.com/high-discharge-rate-battery/30c-rate-discharge-battery.html,GREPow,GRP7346143,Pouch,5200,96,105.5,144,7.1,45.5,3.7
GREPow,https://www.grepow.com/high-discharge-rate-battery/30c-rate-discharge-battery.html,GREPow,GRP9542126,Pouch,5300,120,106.5,127,9.2,41.5,3.7
GREPow,https://www.grepow.com/high-discharge-rate-battery/30c-rate-discharge-battery.html,GREPow,GRP8245150,Pouch,5600,120,116.5,149.5,7.8,44.5,3.7
GREPow,https://www.grepow.com/high-discharge-rate-battery/30c-rate-discharge-battery.html,GREPow,GRPB042126,Pouch,5700,120,117,127,10.6,42,3.7
GREPow,https://www.grepow.com/high-discharge-rate-battery/30c-rate-discharge-battery.html,GREPow,GRPA542124,Pouch,5800,120,118.5,125,10,41.5,3.7
GREPow,https://www.grepow.com/high-discharge-rate-battery/30c-rate-discharge-battery.html,GREPow,GRP9243143,Pouch,6000,120,122,144,8.9,42.5,3.7
GREPow,https://www.grepow.com/high-discharge-rate-battery/30c-rate-discharge-battery.html,GREPow,GRP9545135,Pouch,6100,120,124,135,9.2,44.5,3.7
GREPow,https://www.grepow.com/high-discharge-rate-battery/30c-rate-discharge-battery.html,GREPow,GRPA644120,Pouch,6400,120,125,119.5,10.3,43.5,3.7
GREPow,https://www.grepow.com/high-discharge-rate-battery/30c-rate-discharge-battery.html,GREPow,GRP8548164,Pouch,6700,120,141,163.5,8.2,47.5,3.7
GREPow,https://www.grepow.com/high-discharge-rate-battery/30c-rate-discharge-battery.html,GREPow,GRP7558150,Pouch,6800,120,137,150.5,7.2,57.5,3.7
GREPow,https://www.grepow.com/high-discharge-rate-battery/30c-rate-discharge-battery.html,GREPow,GRP8659156,Pouch,8000,80,161,155.5,8.1,58,3.7
GREPow,https://www.grepow.com/high-discharge-rate-battery/30c-rate-discharge-battery.html,GREPow,GRP9370175,Pouch,12000,120,246,174,9,69.5,3.7
GREPow,https://www.grepow.com/high-discharge-rate-battery/30c-rate-discharge-battery.html,GREPow,GRPA875175,Pouch,14500,145,298,174,10.5,74.5,3.7
GREPow,https://www.grepow.com/high-discharge-rate-battery/30c-rate-discharge-battery.html,GREPow,GRP83A6232,Pouch,22000,176,447,232,8,106,3.7
GREPow,https://www.grepow.com/high-discharge-rate-battery/25c-high-power-lipo.html,GREPow,GRP6216054,Pouch,450,11.25,10.5,56,5.9,16,3.7
GREPow,https://www.grepow.com/high-discharge-rate-battery/25c-high-power-lipo.html,GREPow,GRP5017095,Pouch,700,17.5,15,95.5,4.8,16.5,3.7
GREPow,https://www.grepow.com/high-discharge-rate-battery/25c-high-power-lipo.html,GREPow,GRP6735062,Pouch,1250,31.25,27.5,62.5,6.4,34.5,3.7
GREPow,https://www.grepow.com/high-discharge-rate-battery/25c-high-power-lipo.html,GREPow,GRP6535062,Pouch,1300,32.5,28,62.5,6.2,34.5,3.7
GREPow,https://www.grepow.com/high-discharge-rate-battery/25c-high-power-lipo.html,GREPow,GRP5334096,Pouch,1650,41.25,35,96.5,5.1,33.5,3.7
GREPow,https://www.grepow.com/high-discharge-rate-battery/25c-high-power-lipo.html,GREPow,GRP5834096,Pouch,1800,45,37.5,96.5,5.6,33.5,3.7
GREPow,https://www.grepow.com/high-discharge-rate-battery/25c-high-power-lipo.html,GREPow,GRP5742083,Pouch,2050,51.25,42,82.5,5.5,41.5,3.7
GREPow,https://www.grepow.com/high-discharge-rate-battery/25c-high-power-lipo.html,GREPow,GRP9028092,Pouch,2300,48,46.5,93,8.7,27.5,3.7
GREPow,https://www.grepow.com/high-discharge-rate-battery/25c-high-power-lipo.html,GREPow,GRP6834096,Pouch,2450,61.25,45,97,6.6,33.5,3.7
GREPow,https://www.grepow.com/high-discharge-rate-battery/25c-high-power-lipo.html,GREPow,GRP4967100,Pouch,3000,75,63,99.5,4.7,66.5,3.7
GREPow,https://www.grepow.com/high-discharge-rate-battery/25c-high-power-lipo.html,GREPow,GRP8044084,Pouch,3400,85,66.5,86,7.7,43.5,3.7
GREPow,https://www.grepow.com/high-discharge-rate-battery/25c-high-power-lipo.html,GREPow,GRP7042126,Pouch,4000,96,79.5,127,6.8,41.5,3.7
GREPow,https://www.grepow.com/high-discharge-rate-battery/25c-high-power-lipo.html,GREPow,GRP8642121,Pouch,5000,96,96,121.5,8.3,41.5,3.7
GREPow,https://www.grepow.com/high-discharge-rate-battery/25c-high-power-lipo.html,GREPow,GRP7644124,Pouch,5300,40,98,125,7.3,42.5,3.7
GREPow,https://www.grepow.com/high-discharge-rate-battery/25c-high-power-lipo.html,GREPow,GRP7845150,Pouch,5500,120,114.5,150,7.5,44.5,3.7
GREPow,https://www.grepow.com/high-discharge-rate-battery/25c-high-power-lipo.html,GREPow,GRP4280180,Pouch,5600,140,127,179,4,79,3.7
GREPow,https://www.grepow.com/high-discharge-rate-battery/25c-high-power-lipo.html,GREPow,GRP8244143,Pouch,5900,147.5,116.5,143,7.9,43.5,3.7
GREPow,https://www.grepow.com/high-discharge-rate-battery/25c-high-power-lipo.html,GREPow,GRP9842124,Pouch,6000,96,112,125,9.5,41.5,3.7
GREPow,https://www.grepow.com/high-discharge-rate-battery/25c-high-power-lipo.html,GREPow,GRP8878093,Pouch,6300,157.5,129,92.5,8.5,77.5,3.7
GREPow,https://www.grepow.com/high-discharge-rate-battery/25c-high-power-lipo.html,GREPow,GRP9645140,Pouch,6800,120,133,139.5,9.3,44.5,3.7
GREPow,https://www.grepow.com/high-discharge-rate-battery/25c-high-power-lipo.html,GREPow,GRP7763135,Pouch,7000,120,139,134.5,7.3,62,3.7
GREPow,https://www.grepow.com/high-discharge-rate-battery/25c-high-power-lipo.html,GREPow,GRP7770175,Pouch,10000,80,201,174,7.4,69.5,3.7
GREPow,https://www.grepow.com/high-discharge-rate-battery/25c-high-power-lipo.html,GREPow,GRPA875175,Pouch,15800,110.6,309,174.5,10.5,74.5,3.7
GREPow,https://www.grepow.com/high-discharge-rate-battery/25c-high-power-lipo.html,GREPow,GRP8390190,Pouch,16000,112,311,189,8,89.5,3.7
GREPow,https://www.grepow.com/high-discharge-rate-battery/25c-high-power-lipo.html,GREPow,GRP9395183,Pouch,18000,126,350,182.5,9,94.5,3.7
GREPow,https://www.grepow.com/high-discharge-rate-battery/25c-high-power-lipo.html,GREPow,GRP82A6213,Pouch,19000,133,385,212,7.8,105.5,3.7
GREPow,https://www.grepow.com/high-discharge-rate-battery/25c-high-power-lipo.html,GREPow,GRPA895183,Pouch,21000,147,405,182.5,10.5,94.5,3.7
GREPow,https://www.grepow.com/high-discharge-rate-battery/25c-high-power-lipo.html,GREPow,GRP91A6213,Pouch,22000,154,437,212,8.8,105.5,3.7
GREPow,https://www.grepow.com/high-discharge-rate-battery/25c-high-power-lipo.html,GREPow,GRPA193240,Pouch,24000,168,487,239,9.7,92.5,3.7
GREPow,https://www.grepow.com/high-discharge-rate-battery/25c-high-power-lipo.html,GREPow,GRPA2A6213,Pouch,25000,175,494,212,9.9,105.5,3.7
GREPow,https://www.grepow.com/high-discharge-rate-battery/25c-high-power-lipo.html,GREPow,GRPA7A6213,Pouch,28000,196,536,212,10.5,105.5,3.7
GREPow,https://www.grepow.com/high-discharge-rate-battery/20c-high-power-lipo.html,GREPow,GRP5530048,Pouch,650,13,14.5,49.5,5.2,30,3.7
GREPow,https://www.grepow.com/high-discharge-rate-battery/20c-high-power-lipo.html,GREPow,GRP6024064,Pouch,850,17,18,64.5,5.7,24,3.7
GREPow,https://www.grepow.com/high-discharge-rate-battery/20c-high-power-lipo.html,GREPow,GRP6642058,Pouch,1500,30,29.5,58.5,6.3,41.5,3.7
GREPow,https://www.grepow.com/high-discharge-rate-battery/20c-high-power-lipo.html,GREPow,GRP7730082,Pouch,1800,36,36.5,83.5,7.4,29.5,3.7
GREPow,https://www.grepow.com/high-discharge-rate-battery/20c-high-power-lipo.html,GREPow,GRP5442080,Pouch,2000,40,39.5,80.5,5.2,41.5,3.7
GREPow,https://www.grepow.com/high-discharge-rate-battery/20c-high-power-lipo.html,GREPow,GRP7528081,Pouch,2100,20,37,80.5,7.2,27.5,3.7
GREPow,https://www.grepow.com/high-discharge-rate-battery/20c-high-power-lipo.html,GREPow,GRP5742085,Pouch,2450,49,45.5,84,5.5,41,3.7
GREPow,https://www.grepow.com/high-discharge-rate-battery/20c-high-power-lipo.html,GREPow,GRP7934096,Pouch,2700,54,53.5,96.5,7.6,33.5,3.7
GREPow,https://www.grepow.com/high-discharge-rate-battery/20c-high-power-lipo.html,GREPow,GRP6934122,Pouch,3000,60,59,121.5,6.7,33.5,3.7
GREPow,https://www.grepow.com/high-discharge-rate-battery/20c-high-power-lipo.html,GREPow,GRP9334096,Pouch,3300,66,63,97,9,33.5,3.7
GREPow,https://www.grepow.com/high-discharge-rate-battery/20c-high-power-lipo.html,GREPow,GRP7736128,Pouch,3800,64,74.5,127.5,7.4,35.5,3.7
GREPow,https://www.grepow.com/high-discharge-rate-battery/20c-high-power-lipo.html,GREPow,GRP5151143,Pouch,4000,80,79.5,145,5,50.5,3.7
GREPow,https://www.grepow.com/high-discharge-rate-battery/20c-high-power-lipo.html,GREPow,GRP7942126,Pouch,4600,92,89.5,127,7.6,41.5,3.7
GREPow,https://www.grepow.com/high-discharge-rate-battery/20c-high-power-lipo.html,GREPow,GRP8642126,Pouch,5000,96,99,127,8.3,41.5,3.7
GREPow,https://www.grepow.com/high-discharge-rate-battery/20c-high-power-lipo.html,GREPow,GRP8842126,Pouch,5200,96,99,127,8.4,41.5,3.7
GREPow,https://www.grepow.com/high-discharge-rate-battery/20c-high-power-lipo.html,GREPow,GRP8542130,Pouch,5300,96,101,129.5,8.2,41.5,3.7
GREPow,https://www.grepow.com/high-discharge-rate-battery/20c-high-power-lipo.html,GREPow,GRP9942124,Pouch,5700,80,110.5,125,9.6,41.5,3.7
GREPow,https://www.grepow.com/high-discharge-rate-battery/20c-high-power-lipo.html,GREPow,GRP9444124,Pouch,5900,118,112.5,124.5,9.2,42.5,3.7
GREPow,https://www.grepow.com/high-discharge-rate-battery/20c-high-power-lipo.html,GREPow,GRP8044143,Pouch,6100,120,114,142.5,7.8,43.5,3.7
GREPow,https://www.grepow.com/high-discharge-rate-battery/20c-high-power-lipo.html,GREPow,GRP8544143,Pouch,6400,120,116.8,143.5,8.2,43.5,3.7
GREPow,https://www.grepow.com/high-discharge-rate-battery/20c-high-power-lipo.html,GREPow,GRPA742124,Pouch,6650,96,126,125,10.4,41.5,3.7
GREPow,https://www.grepow.com/high-discharge-rate-battery/20c-high-power-lipo.html,GREPow,GRPA642126,Pouch,6900,80,127.5,127,10.3,41.5,3.7
GREPow,https://www.grepow.com/high-discharge-rate-battery/20c-high-power-lipo.html,GREPow,GRP8245180,Pouch,7050,120,140,180,7.8,44.5,3.7
GREPow,https://www.grepow.com/high-discharge-rate-battery/20c-high-power-lipo.html,GREPow,GRPA942124,Pouch,7200,80,132,125,10.6,41.5,3.7
GREPow,https://www.grepow.com/high-discharge-rate-battery/20c-high-power-lipo.html,GREPow,GRPA344143,Pouch,7800,120,133,143.5,9.2,43.5,3.7
GREPow,https://www.grepow.com/high-discharge-rate-battery/20c-high-power-lipo.html,GREPow,GRPA546143,Pouch,8000,56,152,143.5,10.2,45.5,3.7
GREPow,https://www.grepow.com/high-discharge-rate-battery/20c-high-power-lipo.html,GREPow,GRP7170156,Pouch,8200,57.4,160,155.5,6.8,69.5,3.7
GREPow,https://www.grepow.com/high-discharge-rate-battery/20c-high-power-lipo.html,GREPow,GRP9364159,Pouch,10000,70,193,158,9.1,63.5,3.7
GREPow,https://www.grepow.com/high-discharge-rate-battery/20c-high-power-lipo.html,GREPow,GRP9270175,Pouch,11300,79.1,224,174,8.7,69,3.7
GREPow,https://www.grepow.com/high-discharge-rate-battery/20c-high-power-lipo.html,GREPow,GRP9770175,Pouch,13000,91,254,174,9.4,70,3.7
GREPow,https://www.grepow.com/high-discharge-rate-battery/20c-high-power-lipo.html,GREPow,GRP9675175,Pouch,14000,98,270,174.5,9.3,74.5,3.7
GREPow,https://www.grepow.com/high-discharge-rate-battery/20c-high-power-lipo.html,GREPow,GRPA775175,Pouch,16000,96,306,174,10.5,74,3.7
GREPow,https://www.grepow.com/high-discharge-rate-battery/15c-high-power-lipo.html,GREPow,GRP8020030,Pouch,350,5.25,8,31,7.5,20,3.7
GREPow,https://www.grepow.com/high-discharge-rate-battery/15c-high-power-lipo.html,GREPow,GRP8924042,Pouch,800,12,16,43,8.3,24,3.7
GREPow,https://www.grepow.com/high-discharge-rate-battery/15c-high-power-lipo.html,GREPow,GRP5016145,Pouch,1150,17.25,23,145.5,4.8,15.5,3.7
GREPow,https://www.grepow.com/high-discharge-rate-battery/15c-high-power-lipo.html,GREPow,GRP7530080,Pouch,1850,27.75,36,80,7.2,30,3.7
GREPow,https://www.grepow.com/high-discharge-rate-battery/15c-high-power-lipo.html,GREPow,GRP5634096,Pouch,1900,28.5,37,97,5.4,34,3.7
GREPow,https://www.grepow.com/high-discharge-rate-battery/15c-high-power-lipo.html,GREPow,GRP3286110,Pouch,2950,44.25,60.5,109,3,85,3.7
GREPow,https://www.grepow.com/high-discharge-rate-battery/15c-high-power-lipo.html,GREPow,GRP8934096,Pouch,3300,49.5,62,97,8.6,33.5,3.7
GREPow,https://www.grepow.com/high-discharge-rate-battery/15c-high-power-lipo.html,GREPow,GRP8742080,Pouch,3550,53.25,64,79.5,8.4,41.5,3.7
GREPow,https://www.grepow.com/high-discharge-rate-battery/15c-high-power-lipo.html,GREPow,GRP6442124,Pouch,3800,57,69,124.5,6.2,41.5,3.7
GREPow,https://www.grepow.com/high-discharge-rate-battery/15c-high-power-lipo.html,GREPow,GRP7844124,Pouch,4900,73.5,90,125,7.4,43,3.7
GREPow,https://www.grepow.com/high-discharge-rate-battery/15c-high-power-lipo.html,GREPow,GRP8142124,Pouch,5000,75,92,125,8,42,3.7
GREPow,https://www.grepow.com/high-discharge-rate-battery/15c-high-power-lipo.html,GREPow,GRP9342124,Pouch,5700,85.5,107.5,125,9,41.5,3.7
GREPow,https://www.grepow.com/high-discharge-rate-battery/15c-high-power-lipo.html,GREPow,GRP6844175,Pouch,5900,88.5,112,174.5,6.6,43,3.7
GREPow,https://www.grepow.com/high-discharge-rate-battery/15c-high-power-lipo.html,GREPow,GRP9842126,Pouch,6000,80,107,127,9.3,42,3.7
GREPow,https://www.grepow.com/high-discharge-rate-battery/15c-high-power-lipo.html,GREPow,GRP8046143,Pouch,6300,94.5,118,143.5,7.9,45.5,3.7
GREPow,https://www.grepow.com/high-discharge-rate-battery/15c-high-power-lipo.html,GREPow,GRPB044120,Pouch,6700,100.5,122.5,119.5,10.6,43.5,3.7
GREPow,https://www.grepow.com/high-discharge-rate-battery/15c-high-power-lipo.html,GREPow,GRPB042124,Pouch,6800,102,124.5,125,10.7,41.5,3.7
GREPow,https://www.grepow.com/high-discharge-rate-battery/15c-high-power-lipo.html,GREPow,GRP9856117,Pouch,7400,111,138,116,9.5,55.5,3.7
GREPow,https://www.grepow.com/high-discharge-rate-battery/15c-high-power-lipo.html,GREPow,GRPA942126,Pouch,7600,114,134,127,10.7,41.5,3.7
GREPow,https://www.grepow.com/high-discharge-rate-battery/15c-high-power-lipo.html,GREPow,GRPA344145,Pouch,7800,117,141,144,10,43,3.7
GREPow,https://www.grepow.com/high-discharge-rate-battery/15c-high-power-lipo.html,GREPow,GRPA247145,Pouch,8400,50.4,153,144.5,10,46.5,3.7
GREPow,https://www.grepow.com/high-discharge-rate-battery/15c-high-power-lipo.html,GREPow,GRP5972200,Pouch,9000,54,172,199,5.6,71,3.7
GREPow,https://www.grepow.com/high-discharge-rate-battery/15c-high-power-lipo.html,GREPow,GRP6985155,Pouch,10000,150,175,155,6.7,85,3.7
GREPow,https://www.grepow.com/high-discharge-rate-battery/15c-high-power-lipo.html,GREPow,GRP9164155,Pouch,10600,63.6,196,155,8.8,63.5,3.7
GREPow,https://www.grepow.com/high-discharge-rate-battery/15c-high-power-lipo.html,GREPow,GRP9867150,Pouch,11000,66,205,149,9.5,66,3.7
GREPow,https://www.grepow.com/high-discharge-rate-battery/15c-high-power-lipo.html,GREPow,GRPA580140,Pouch,13500,81,248,139.5,10.2,79.5,3.7
GREPow,https://www.grepow.com/high-discharge-rate-battery/15c-high-power-lipo.html,GREPow,GRP9275175,Pouch,14000,84,256,174.5,8.9,74.5,3.7
GREPow,https://www.grepow.com/high-discharge-rate-battery/15c-high-power-lipo.html,GREPow,GRP9975175,Pouch,15000,90,277,174,9.5,74.5,3.7
GREPow,https://www.grepow.com/high-discharge-rate-battery/15c-high-power-lipo.html,GREPow,GRPA375175,Pouch,16000,80,287,174.5,10,74.5,3.7
GREPow,https://www.grepow.com/high-discharge-rate-battery/15c-high-power-lipo.html,GREPow,GRPA975175,Pouch,16800,84,299,174.5,10.4,74.5,3.7
GREPow,https://www.grepow.com/high-discharge-rate-battery/15c-high-power-lipo.html,GREPow,GRP8895183,Pouch,18000,90,330,182.5,8.5,94.5,3.7
GREPow,https://www.grepow.com/high-discharge-rate-battery/15c-high-power-lipo.html,GREPow,GRPA290190,Pouch,21000,105,380,189.5,9.8,89.5,3.7
GREPow,https://www.grepow.com/high-discharge-rate-battery/15c-high-power-lipo.html,GREPow,GRPA795183,Pouch,22000,110,396,182,10.35,94.25,3.7
GREPow,https://www.grepow.com/high-discharge-rate-battery/15c-high-power-lipo.html,GREPow,GRP9280266,Pouch,24000,120,427,265,8.8,78.5,3.7
GREPow,https://www.grepow.com/high-discharge-rate-battery/15c-high-power-lipo.html,GREPow,GRPA3C0200,Pouch,30000,150,548,200,10,119,3.7
GREPow,https://www.grepow.com/high-discharge-rate-battery/10c-high-power-lipo.html,GREPow,GRP7035062,Pouch,1550,15.5,30,62.5,6.7,34.5,3.7
GREPow,https://www.grepow.com/high-discharge-rate-battery/10c-high-power-lipo.html,GREPow,GRP8430060,Pouch,1600,16.5,30.5,61.5,8.2,29.5,3.7
GREPow,https://www.grepow.com/high-discharge-rate-battery/10c-high-power-lipo.html,GREPow,GRP4934096,Pouch,1900,19,33.5,96.5,4.7,33.5,3.7
GREPow,https://www.grepow.com/high-discharge-rate-battery/10c-high-power-lipo.html,GREPow,GRP8234066,Pouch,2100,21,37.6,65.5,7.9,33,3.7
GREPow,https://www.grepow.com/high-discharge-rate-battery/10c-high-power-lipo.html,GREPow,GRP6028122,Pouch,2400,24,43.5,121.5,5.8,27.5,3.7
GREPow,https://www.grepow.com/high-discharge-rate-battery/10c-high-power-lipo.html,GREPow,GRP7434096,Pouch,3000,30,51.5,97,7.1,33.5,3.7
GREPow,https://www.grepow.com/high-discharge-rate-battery/10c-high-power-lipo.html,GREPow,GRPA540078,Pouch,3700,37,67,78.5,10.1,39.5,3.7
GREPow,https://www.grepow.com/high-discharge-rate-battery/10c-high-power-lipo.html,GREPow,GRP5943135,Pouch,4000,40,71,135,5.7,43,3.7
GREPow,https://www.grepow.com/high-discharge-rate-battery/10c-high-power-lipo.html,GREPow,GRP6543135,Pouch,4500,45,79,135,6.3,43,3.7
GREPow,https://www.grepow.com/high-discharge-rate-battery/10c-high-power-lipo.html,GREPow,GRP8242124,Pouch,5150,51.5,89,124.5,7.9,41.5,3.7
GREPow,https://www.grepow.com/high-discharge-rate-battery/10c-high-power-lipo.html,GREPow,GRP9372078,Pouch,5600,56,99,77,9,71,3.7
GREPow,https://www.grepow.com/high-discharge-rate-battery/10c-high-power-lipo.html,GREPow,GRPA142126,Pouch,6550,65.5,117.5,127,9.8,41.5,3.7
GREPow,https://www.grepow.com/high-discharge-rate-battery/10c-high-power-lipo.html,GREPow,GRPA542126,Pouch,6800,68,123,127,10.2,42,3.7
GREPow,https://www.grepow.com/high-discharge-rate-battery/10c-high-power-lipo.html,GREPow,GRP7848164,Pouch,7500,75,131,164,7.5,47,3.7
GREPow,https://www.grepow.com/high-discharge-rate-battery/10c-high-power-lipo.html,GREPow,GRPA243150,Pouch,8200,41,142,150,9.9,43,3.7
GREPow,https://www.grepow.com/high-discharge-rate-battery/10c-high-power-lipo.html,GREPow,GRP5372196,Pouch,8900,44.5,160,196,5.1,72,3.7
GREPow,https://www.grepow.com/high-discharge-rate-battery/10c-high-power-lipo.html,GREPow,GRP8265146,Pouch,9700,48.5,170,145.5,7.9,64.5,3.7
GREPow,https://www.grepow.com/high-discharge-rate-battery/10c-high-power-lipo.html,GREPow,GRP9948164,Pouch,10000,50,173,164,9.6,47,3.7
GREPow,https://www.grepow.com/high-discharge-rate-battery/10c-high-power-lipo.html,GREPow,GRP8270175,Pouch,12000,60,212,174.5,7.9,69.5,3.7
GREPow,https://www.grepow.com/high-discharge-rate-battery/10c-high-power-lipo.html,GREPow,GRPA577127,Pouch,12300,61.5,219,127,10.2,77,3.7
GREPow,https://www.grepow.com/high-discharge-rate-battery/10c-high-power-lipo.html,GREPow,GRP8975175,Pouch,14000,70,250,174.5,8.6,74.5,3.7
GREPow,https://www.grepow.com/high-discharge-rate-battery/10c-high-power-lipo.html,GREPow,GRPA075175,Pouch,16000,48,280,174.5,9.6,74.5,3.7
GREPow,https://www.grepow.com/high-discharge-rate-battery/10c-high-power-lipo.html,GREPow,GRPA870175,Pouch,16300,48.9,282,174.5,10.4,69.5,3.7
GREPow,https://www.grepow.com/high-discharge-rate-battery/10c-high-power-lipo.html,GREPow,GRPA485155,Pouch,16800,50.4,295,154,10.1,84.5,3.7
GREPow,https://www.grepow.com/high-discharge-rate-battery/10c-high-power-lipo.html,GREPow,GRP8098225,Pouch,20700,62.1,370,224,7.6,97,3.7
GREPow,https://www.grepow.com/high-discharge-rate-battery/10c-high-power-lipo.html,GREPow,GRPA090190,Pouch,21000,63,374,189.5,9.7,89.5,3.7
GREPow,https://www.grepow.com/high-discharge-rate-battery/10c-high-power-lipo.html,GREPow,GRPA390190,Pouch,22000,66,379,189,9.9,89,3.7
GREPow,https://www.grepow.com/high-discharge-rate-battery/10c-high-power-lipo.html,GREPow,GRPA590190,Pouch,22500,67.5,391,190,10.2,90,3.7
GREPow,https://www.grepow.com/high-discharge-rate-battery/10c-high-power-lipo.html,GREPow,GRPA0B2185,Pouch,25500,76.5,454,184.5,9.7,111,3.7
GREPow,https://www.grepow.com/high-discharge-rate-battery/10c-high-power-lipo.html,GREPow,GRP98C0200,Pouch,30000,90,533,200,9.5,119.5,3.7
GREPow,https://www.grepow.com/high-discharge-rate-battery/8c-high-discharge-lipo-cell.html,GREPow,GRP6334060,Pouch,1350,10.8,26,62,6.2,34,3.7
GREPow,https://www.grepow.com/high-discharge-rate-battery/8c-high-discharge-lipo-cell.html,GREPow,GRP5243080,Pouch,1800,14.4,36,80,5,42.5,3.7
GREPow,https://www.grepow.com/high-discharge-rate-battery/8c-high-discharge-lipo-cell.html,GREPow,GRP8230085,Pouch,2400,19.2,43.5,86,8,30,3.7
GREPow,https://www.grepow.com/high-discharge-rate-battery/8c-high-discharge-lipo-cell.html,GREPow,GRP6534096,Pouch,2450,19.6,43.5,95.5,6.3,33.5,3.7
GREPow,https://www.grepow.com/high-discharge-rate-battery/8c-high-discharge-lipo-cell.html,GREPow,GRP7034106,Pouch,2900,23.2,53,105.5,6.9,32.5,3.7
GREPow,https://www.grepow.com/high-discharge-rate-battery/8c-high-discharge-lipo-cell.html,GREPow,GRP8243082,Pouch,3850,30.8,65.5,81,7.9,42.5,3.7
GREPow,https://www.grepow.com/high-discharge-rate-battery/8c-high-discharge-lipo-cell.html,GREPow,GRPA840085,Pouch,4300,34.4,75.5,85,10.5,39.5,3.7
GREPow,https://www.grepow.com/high-discharge-rate-battery/8c-high-discharge-lipo-cell.html,GREPow,GRP9157073,Pouch,4400,35.2,79,72.5,8.8,56.5,3.7
GREPow,https://www.grepow.com/high-discharge-rate-battery/8c-high-discharge-lipo-cell.html,GREPow,GRP7242124,Pouch,4500,36,80.5,124.5,6.8,41.5,3.7
GREPow,https://www.grepow.com/high-discharge-rate-battery/8c-high-discharge-lipo-cell.html,GREPow,GRP6146143,Pouch,4900,39.2,89,143.5,6,45.5,3.7
GREPow,https://www.grepow.com/high-discharge-rate-battery/8c-high-discharge-lipo-cell.html,GREPow,GRP8640121,Pouch,5200,41.6,91,122,8.3,40,3.7
GREPow,https://www.grepow.com/high-discharge-rate-battery/8c-high-discharge-lipo-cell.html,GREPow,GRPA842124,Pouch,6900,55.2,126,125,10.5,41.5,3.7
GREPow,https://www.grepow.com/high-discharge-rate-battery/8c-high-discharge-lipo-cell.html,GREPow,GRPA342126,Pouch,7000,56,120,127,10,41.5,3.7
GREPow,https://www.grepow.com/high-discharge-rate-battery/8c-high-discharge-lipo-cell.html,GREPow,GRP6072196,Pouch,8900,44.5,163,195.5,5.3,72,3.7
GREPow,https://www.grepow.com/high-discharge-rate-battery/8c-high-discharge-lipo-cell.html,GREPow,GR7483145,Pouch,10500,52.5,187,144,7.1,82,3.7
GREPow,https://www.grepow.com/high-discharge-rate-battery/8c-high-discharge-lipo-cell.html,GREPow,GRPA090190,Pouch,21000,63,365,189.5,9.6,89.5,3.7
GREPow,https://www.grepow.com/high-discharge-rate-battery/8c-high-discharge-lipo-cell.html,GREPow,GRPA990190,Pouch,22500,67.5,391,189.5,10.6,89.5,3.7
GREPow,https://www.grepow.com/high-discharge-rate-battery/8c-high-discharge-lipo-cell.html,GREPow,GRPA0B2185,Pouch,25500,76.5,445,184,9.7,111,3.7
GREPow,https://www.grepow.com/high-discharge-rate-battery/8c-high-discharge-lipo-cell.html,GREPow,GRPA2C0185,Pouch,27500,82.5,475,184,9.9,118.5,3.7
GREPow,https://www.grepow.com/high-discharge-rate-battery/8c-high-discharge-lipo-cell.html,GREPow,GRPA0C0200,Pouch,30000,90,515,199.5,9.7,118.5,3.7
GREPow,https://www.grepow.com/high-discharge-rate-battery/5c-high-discharge-lipo-cell.html,GREPow,GRP6230048,Pouch,900,4.5,17,49.5,5.8,30,3.7
GREPow,https://www.grepow.com/high-discharge-rate-battery/5c-high-discharge-lipo-cell.html,GREPow,GRP3348083,Pouch,1200,6,23,82,3,47.5,3.7
GREPow,https://www.grepow.com/high-discharge-rate-battery/5c-high-discharge-lipo-cell.html,GREPow,GRP6233070,Pouch,1650,8.25,29,70.5,5.9,33,3.7
GREPow,https://www.grepow.com/high-discharge-rate-battery/5c-high-discharge-lipo-cell.html,GREPow,GRP6232094,Pouch,2200,11,38,96,5.9,32,3.7
GREPow,https://www.grepow.com/high-discharge-rate-battery/5c-high-discharge-lipo-cell.html,GREPow,GRP6634096,Pouch,2600,13,45,96.5,6.5,33.5,3.7
GREPow,https://www.grepow.com/high-discharge-rate-battery/5c-high-discharge-lipo-cell.html,GREPow,GRP7634096,Pouch,3000,15,50,97,7.3,34,3.7
GREPow,https://www.grepow.com/high-discharge-rate-battery/5c-high-discharge-lipo-cell.html,GREPow,GRP5642126,Pouch,3500,17.5,61,126.5,5.3,41.5,3.7
GREPow,https://www.grepow.com/high-discharge-rate-battery/5c-high-discharge-lipo-cell.html,GREPow,GRP5942126,Pouch,3900,19.5,67,126.5,5.7,41.5,3.7
GREPow,https://www.grepow.com/high-discharge-rate-battery/5c-high-discharge-lipo-cell.html,GREPow,GRP4645160,Pouch,4000,20,71,160.5,4.4,44.5,3.7
GREPow,https://www.grepow.com/high-discharge-rate-battery/5c-high-discharge-lipo-cell.html,GREPow,GRP5745135,Pouch,4300,21.5,74,134.5,5.6,44.5,3.7
GREPow,https://www.grepow.com/high-discharge-rate-battery/5c-high-discharge-lipo-cell.html,GREPow,GRP6742126,Pouch,4500,22.5,77.5,127,6.5,41.5,3.7
GREPow,https://www.grepow.com/high-discharge-rate-battery/5c-high-discharge-lipo-cell.html,GREPow,GRP7142126,Pouch,4800,24,82,127,6.8,41.5,3.7
GREPow,https://www.grepow.com/high-discharge-rate-battery/5c-high-discharge-lipo-cell.html,GREPow,GRP9945090,Pouch,5000,25,83.5,90.5,9.6,44.5,3.7
GREPow,https://www.grepow.com/high-discharge-rate-battery/5c-high-discharge-lipo-cell.html,GREPow,GRP7945119,Pouch,5200,26,90,120,7.6,44.5,3.7
GREPow,https://www.grepow.com/high-discharge-rate-battery/5c-high-discharge-lipo-cell.html,GREPow,GRP9642124,Pouch,6500,32.5,106,125,9.3,41.5,3.7
GREPow,https://www.grepow.com/high-discharge-rate-battery/5c-high-discharge-lipo-cell.html,GREPow,GRP6875110,Pouch,6750,33.75,114.5,109.5,6.6,74.5,3.7
GREPow,https://www.grepow.com/high-discharge-rate-battery/5c-high-discharge-lipo-cell.html,GREPow,GRP9043158,Pouch,7600,38,131.5,156.5,8.7,42,3.7
GREPow,https://www.grepow.com/high-discharge-rate-battery/5c-high-discharge-lipo-cell.html,GREPow,GRP6870135,Pouch,8100,24.3,136,135,6.6,70,3.7
GREPow,https://www.grepow.com/high-discharge-rate-battery/5c-high-discharge-lipo-cell.html,GREPow,GRP8288111,Pouch,10000,30,164,111,7.9,87,3.7
GREPow,https://www.grepow.com/high-discharge-rate-battery/5c-high-discharge-lipo-cell.html,GREPow,GRP9759156,Pouch,11300,33.9,188,156,9.3,58.5,3.7
GREPow,https://www.grepow.com/high-discharge-rate-battery/5c-high-discharge-lipo-cell.html,GREPow,GRP9864159,Pouch,12500,37.5,205,158,9.5,63.5,3.7
GREPow,https://www.grepow.com/high-discharge-rate-battery/5c-high-discharge-lipo-cell.html,GREPow,GRP85C0130,Pouch,16400,32.8,272,129,8.2,119.5,3.7
GREPow,https://www.grepow.com/high-discharge-rate-battery/5c-high-discharge-lipo-cell.html,GREPow,GRPA875175,Pouch,18000,36,295,174,10.3,74,3.7
GREPow,https://www.grepow.com/high-discharge-rate-battery/5c-high-discharge-lipo-cell.html,GREPow,GRP9090190,Pouch,20000,40,331,189,8.7,89,3.7
GREPow,https://www.grepow.com/high-discharge-rate-battery/5c-high-discharge-lipo-cell.html,GREPow,GRP7398225,Pouch,21000,105,350,224.5,7,97,3.7
GREPow,https://www.grepow.com/high-discharge-rate-battery/5c-high-discharge-lipo-cell.html,GREPow,GRPA390190,Pouch,21500,43,357,189.5,9.5,89.5,3.7
GREPow,https://www.grepow.com/high-discharge-rate-battery/5c-high-discharge-lipo-cell.html,GREPow,GRP9495183,Pouch,22000,44,355,182,9,94,3.7
GREPow,https://www.grepow.com/lihv-battery/3-8-v-high-voltage-10c-lipo-battery-cells.html,0,GRP5934050,Pouch,1000,10,18.5,50,5.8,33,3.8
GREPow,https://www.grepow.com/lihv-battery/3-8-v-high-voltage-10c-lipo-battery-cells.html,0,GRP7243058,Pouch,2000,20,36.5,58.5,6.9,42.5,3.8
GREPow,https://www.grepow.com/lihv-battery/3-8-v-high-voltage-10c-lipo-battery-cells.html,0,GRP5550077,Pouch,2300,23,41,76.5,5.2,49.5,3.8
GREPow,https://www.grepow.com/lihv-battery/3-8-v-high-voltage-10c-lipo-battery-cells.html,0,GRP6342083,Pouch,3100,20,48,82,6.1,49.5,3.8
GREPow,https://www.grepow.com/lihv-battery/3-8-v-high-voltage-10c-lipo-battery-cells.html,0,GRP6843084,Pouch,3700,37,58.5,84,6.6,49.5,3.8
GREPow,https://www.grepow.com/lihv-battery/3-8-v-high-voltage-10c-lipo-battery-cells.html,0,GRP9542080,Pouch,4300,43,70,81,9.2,41,3.8
GREPow,https://www.grepow.com/lihv-battery/3-8-v-high-voltage-10c-lipo-battery-cells.html,0,GRP6343135,Pouch,4500,40,74,135,6.1,43,3.8
GREPow,https://www.grepow.com/lihv-battery/3-8-v-high-voltage-10c-lipo-battery-cells.html,0,GRP6845135,Pouch,5200,52,89,134.5,6.7,44.5,3.8
GREPow,https://www.grepow.com/lihv-battery/3-8-v-high-voltage-10c-lipo-battery-cells.html,0,GRPA834124,Pouch,5800,58,95,124,10.5,33.5,3.8
GREPow,https://www.grepow.com/lihv-battery/3-8-v-high-voltage-10c-lipo-battery-cells.html,0,GRP7667096,Pouch,6000,60,99,96.5,7.2,66.5,3.8
GREPow,https://www.grepow.com/lihv-battery/3-8-v-high-voltage-10c-lipo-battery-cells.html,0,GRPA734124,Pouch,6300,40,100,124,10.5,33.5,3.8
GREPow,https://www.grepow.com/lihv-battery/3-8-v-high-voltage-10c-lipo-battery-cells.html,0,GRPB042126,Pouch,7500,75,125,127,10.5,41.5,3.8
GREPow,https://www.grepow.com/lihv-battery/3-8-v-high-voltage-10c-lipo-battery-cells.html,0,GRPA942126,Pouch,8000,24,131,127,10.6,41.5,3.8
GREPow,https://www.grepow.com/lihv-battery/3-8-v-high-voltage-10c-lipo-battery-cells.html,0,GRP7164155,Pouch,8500,42.5,145,154.5,6.8,63.5,3.8
GREPow,https://www.grepow.com/lihv-battery/3-8-v-high-voltage-10c-lipo-battery-cells.html,0,GRPA948142,Pouch,9700,48.5,159,141.5,10.7,47,3.8
GREPow,https://www.grepow.com/lihv-battery/3-8-v-high-voltage-10c-lipo-battery-cells.html,0,GRP9946170,Pouch,10000,50,166,169,9.6,45.5,3.8
GREPow,https://www.grepow.com/lihv-battery/3-8-v-high-voltage-10c-lipo-battery-cells.html,0,GRP8270175,Pouch,12000,120,202,174,7.9,69,3.8
GREPow,https://www.grepow.com/lihv-battery/3-8-v-high-voltage-10c-lipo-battery-cells.html,0,GRP8995132,Pouch,14000,70,232,131,8.6,94.5,3.8
GREPow,https://www.grepow.com/lihv-battery/3-8-v-high-voltage-10c-lipo-battery-cells.html,0,GRPA275175,Pouch,16800,50.4,276,174.5,9.8,74.5,3.8
GREPow,https://www.grepow.com/lihv-battery/3-8-v-high-voltage-10c-lipo-battery-cells.html,0,GRP8295183,Pouch,18000,54,299,182,8,94,3.8
GREPow,https://www.grepow.com/lihv-battery/3-8-v-high-voltage-10c-lipo-battery-cells.html,0,GRP9990190,Pouch,22000,66,351,189.5,9.6,89.5,3.8
GREPow,https://www.grepow.com/lihv-battery/3-8-v-high-voltage-10c-lipo-battery-cells.html,0,GRPA690190,Pouch,24300,72.9,382,189.5,10.3,89.5,3.8
GREPow,https://www.grepow.com/lihv-battery/3-8-v-high-voltage-10c-lipo-battery-cells.html,0,GRPA5B0194,Pouch,27500,82.5,442,194,10.2,110,3.8
GREPow,https://www.grepow.com/lihv-battery/3-8-v-high-voltage-10c-lipo-battery-cells.html,0,GRPA0B1220,Pouch,30000,90,492,220,9.7,110.5,3.8
GREPow,https://www.grepow.com/lihv-battery/3-8-v-high-voltage-10c-lipo-battery-cells.html,0,GRPA0C0200,Pouch,32000,96,505,199.5,9.7,119.5,3.8
GREPow,https://www.grepow.com/lihv-battery/3-8-v-high-voltage-10c-lipo-battery-cells.html,0,GRPA5A0260,Pouch,34000,102,568,260,10.1,99,3.8
GREPow,https://www.grepow.com/lihv-battery/3-8-v-high-voltage-10c-lipo-battery-cells.html,0,GRP95B0270,Pouch,35800,107.4,576,270,9.2,110,3.8
GREPow,https://www.grepow.com/lihv-battery/3-8-v-high-voltage-10c-lipo-battery-cells.html,0,GRPA7C0240,Pouch,40000,120,655,239.5,10.4,119.5,3.8
GREPow,https://www.grepow.com/lihv-battery/3-8-v-high-voltage-15c-lipo-battery-cells.html,0,GRP5017095,Pouch,750,11.25,14.5,96,4.8,17,3.8
GREPow,https://www.grepow.com/lihv-battery/3-8-v-high-voltage-15c-lipo-battery-cells.html,0,GRP7027080,Pouch,1600,16,30,81,6.7,26.5,3.8
GREPow,https://www.grepow.com/lihv-battery/3-8-v-high-voltage-15c-lipo-battery-cells.html,0,GRP6642085,Pouch,2800,42,48,86.5,6.3,42,3.8
GREPow,https://www.grepow.com/lihv-battery/3-8-v-high-voltage-15c-lipo-battery-cells.html,0,GRP5843084,Pouch,3000,20,46,84,5.3,42.5,3.8
GREPow,https://www.grepow.com/lihv-battery/3-8-v-high-voltage-15c-lipo-battery-cells.html,0,GRP7942080,Pouch,3600,20,58,80.5,7.5,41,3.8
GREPow,https://www.grepow.com/lihv-battery/3-8-v-high-voltage-15c-lipo-battery-cells.html,0,GRP7842080,Pouch,3850,20,59,80,7.5,41.5,3.8
GREPow,https://www.grepow.com/lihv-battery/3-8-v-high-voltage-15c-lipo-battery-cells.html,0,GRP5267103,Pouch,4000,60,73,102.5,4.9,66,3.8
GREPow,https://www.grepow.com/lihv-battery/3-8-v-high-voltage-15c-lipo-battery-cells.html,0,GRP8143084,Pouch,4200,20,65,84.5,7.7,42.5,3.8
GREPow,https://www.grepow.com/lihv-battery/3-8-v-high-voltage-15c-lipo-battery-cells.html,0,GRP8843084,Pouch,4800,72,76.5,84.5,8.5,42.5,3.8
GREPow,https://www.grepow.com/lihv-battery/3-8-v-high-voltage-15c-lipo-battery-cells.html,0,GRP6642124,Pouch,5150,77.25,82.5,125,6.5,41.5,3.8
GREPow,https://www.grepow.com/lihv-battery/3-8-v-high-voltage-15c-lipo-battery-cells.html,0,GRP9044124,Pouch,5800,87,102.5,124.5,8.7,43,3.8
GREPow,https://www.grepow.com/lihv-battery/3-8-v-high-voltage-15c-lipo-battery-cells.html,0,GRP8043143,Pouch,6000,90,104,144,7.7,42,3.8
GREPow,https://www.grepow.com/lihv-battery/3-8-v-high-voltage-15c-lipo-battery-cells.html,0,GRPB243084,Pouch,6350,95.25,98,84.5,10.9,42.5,3.8
GREPow,https://www.grepow.com/lihv-battery/3-8-v-high-voltage-15c-lipo-battery-cells.html,0,GRPA344124,Pouch,6600,99,116,125,10,43,3.8
GREPow,https://www.grepow.com/lihv-battery/3-8-v-high-voltage-15c-lipo-battery-cells.html,0,GRP6956155,Pouch,7100,106.5,125,154.5,6.65,55.5,3.8
GREPow,https://www.grepow.com/lihv-battery/3-8-v-high-voltage-15c-lipo-battery-cells.html,0,GRPB042126,Pouch,7400,111,127,127,10.7,41.5,3.8
GREPow,https://www.grepow.com/lihv-battery/3-8-v-high-voltage-15c-lipo-battery-cells.html,0,GRP9842124,Pouch,7600,40,116,124.5,9.5,41.5,3.8
GREPow,https://www.grepow.com/lihv-battery/3-8-v-high-voltage-15c-lipo-battery-cells.html,0,GRP6475140,Pouch,7850,117.75,138,140,6.2,75,3.8
GREPow,https://www.grepow.com/lihv-battery/3-8-v-high-voltage-15c-lipo-battery-cells.html,0,GRPA842124,Pouch,8000,40,126,125,10.45,41.5,3.8
GREPow,https://www.grepow.com/lihv-battery/3-8-v-high-voltage-15c-lipo-battery-cells.html,0,GRPA742124,Pouch,8200,40,130,125,10.7,41.5,3.8
GREPow,https://www.grepow.com/lihv-battery/3-8-v-high-voltage-15c-lipo-battery-cells.html,0,GRPB242126,Pouch,9000,54,138,126.5,10.9,42,3.8
GREPow,https://www.grepow.com/lihv-battery/3-8-v-high-voltage-15c-lipo-battery-cells.html,0,GRP8364159,Pouch,10000,60,171,158.5,8,63.5,3.8
GREPow,https://www.grepow.com/lihv-battery/3-8-v-high-voltage-15c-lipo-battery-cells.html,0,GRP9364159,Pouch,11000,66,193,158,9.1,63.5,3.8
GREPow,https://www.grepow.com/lihv-battery/3-8-v-high-voltage-15c-lipo-battery-cells.html,0,GRP9185155,Pouch,13800,82.8,242,154.5,8.8,84.5,3.8
GREPow,https://www.grepow.com/lihv-battery/3-8-v-high-voltage-15c-lipo-battery-cells.html,0,GRP9885155,Pouch,15000,90,261,154.5,9.5,84.5,3.8
GREPow,https://www.grepow.com/lihv-battery/3-8-v-high-voltage-15c-lipo-battery-cells.html,0,GRP9990190,Pouch,21000,105,355,190,9.5,90,3.8
GREPow,https://www.grepow.com/lihv-battery/3-8-v-high-voltage-15c-lipo-battery-cells.html,0,GRP8780266,Pouch,24000,72,400,265,8.5,78.5,3.8
GREPow,https://www.grepow.com/lihv-battery/3-8-v-high-voltage-15c-lipo-battery-cells.html,0,GRP94C0185,Pouch,25800,129,445,184.5,9.1,119.5,3.8
GREPow,https://www.grepow.com/lihv-battery/3-8-v-high-voltage-20c-lipo-battery-cells.html,0,GRP5245085,Pouch,2700,20,44.5,84.5,5,44,3.8
GREPow,https://www.grepow.com/lihv-battery/3-8-v-high-voltage-20c-lipo-battery-cells.html,0,GRP8854085,Pouch,4300,86,82,84.5,8.5,53.5,3.8
GREPow,https://www.grepow.com/lihv-battery/3-8-v-high-voltage-20c-lipo-battery-cells.html,0,GRP6053117,Pouch,4350,87,79,116.5,5.9,52.5,3.8
GREPow,https://www.grepow.com/lihv-battery/3-8-v-high-voltage-20c-lipo-battery-cells.html,0,GRP9540104,Pouch,5000,40,85,103.5,9.2,39.5,3.8
GREPow,https://www.grepow.com/lihv-battery/3-8-v-high-voltage-20c-lipo-battery-cells.html,0,GRP9743084,Pouch,5300,106,85.5,84.5,9.6,42.5,3.8
GREPow,https://www.grepow.com/lihv-battery/3-8-v-high-voltage-20c-lipo-battery-cells.html,0,GRP6856155,Pouch,6600,120,122,154.5,6.65,55.5,3.8
GREPow,https://www.grepow.com/lihv-battery/3-8-v-high-voltage-20c-lipo-battery-cells.html,0,GRPA444120,Pouch,6700,120,120,119.5,10.1,43.5,3.8
GREPow,https://www.grepow.com/lihv-battery/3-8-v-high-voltage-20c-lipo-battery-cells.html,0,GRP9247145,Pouch,7000,120,132,145,8.9,47,3.8
GREPow,https://www.grepow.com/lihv-battery/3-8-v-high-voltage-20c-lipo-battery-cells.html,0,GRP9542124,Pouch,7100,40,113,125,9.2,41.5,3.8
GREPow,https://www.grepow.com/lihv-battery/3-8-v-high-voltage-20c-lipo-battery-cells.html,0,GRP7264159,Pouch,7500,144,144,159,6.7,64,3.8
GREPow,https://www.grepow.com/lihv-battery/3-8-v-high-voltage-20c-lipo-battery-cells.html,0,GRPA546143,Pouch,7900,120,142,144,10.2,45.5,3.8
GREPow,https://www.grepow.com/lihv-battery/3-8-v-high-voltage-20c-lipo-battery-cells.html,0,GRPA942124,Pouch,8000,40,127.5,125,10.6,41.5,3.8
GREPow,https://www.grepow.com/lihv-battery/3-8-v-high-voltage-20c-lipo-battery-cells.html,0,GRP6278146,Pouch,8200,57.4,149,146,6,78,3.8
GREPow,https://www.grepow.com/lihv-battery/3-8-v-high-voltage-20c-lipo-battery-cells.html,0,GRP9064159,Pouch,10000,70,187,158.5,8.7,63.5,3.8
GREPow,https://www.grepow.com/lihv-battery/3-8-v-high-voltage-20c-lipo-battery-cells.html,0,GRP9480200,Pouch,16400,98.4,324,200,9.1,79.5,3.8
GREPow,https://www.grepow.com/lihv-battery/3-8-v-high-voltage-25c-lipo-battery-cells.html,0,GRP5316075,Pouch,530,13.25,11.5,74.5,5.1,16,3.8
GREPow,https://www.grepow.com/lihv-battery/3-8-v-high-voltage-25c-lipo-battery-cells.html,0,GRP5719096,Pouch,1000,10,20,97,5.5,19,3.8
GREPow,https://www.grepow.com/lihv-battery/3-8-v-high-voltage-25c-lipo-battery-cells.html,0,GRP5043084,Pouch,2250,56.25,39.5,83.5,4.75,42.5,3.8
GREPow,https://www.grepow.com/lihv-battery/3-8-v-high-voltage-25c-lipo-battery-cells.html,0,GRP6338110,Pouch,2750,68.75,53.5,110.5,6.1,37.5,3.8
GREPow,https://www.grepow.com/lihv-battery/3-8-v-high-voltage-25c-lipo-battery-cells.html,0,GRP4842124,Pouch,3000,75,55,124.5,4.7,42,3.8
GREPow,https://www.grepow.com/lihv-battery/3-8-v-high-voltage-25c-lipo-battery-cells.html,0,GRPA036128,Pouch,5100,80,97,128,9.7,35.5,3.8
GREPow,https://www.grepow.com/lihv-battery/3-8-v-high-voltage-25c-lipo-battery-cells.html,0,GRP9542124,Pouch,6000,120,109,125,9.1,41.5,3.8
GREPow,https://www.grepow.com/lihv-battery/3-8-v-high-voltage-25c-lipo-battery-cells.html,0,GRPA437143,Pouch,6200,80,116,143,10.1,36.5,3.8
GREPow,https://www.grepow.com/lihv-battery/3-8-v-high-voltage-25c-lipo-battery-cells.html,0,GRP9842124,Pouch,6300,144,111.5,125,9.5,41.5,3.8
GREPow,https://www.grepow.com/lihv-battery/3-8-v-high-voltage-25c-lipo-battery-cells.html,0,GRP9642124,Pouch,6600,120,112,124.5,9.3,41.5,3.8
GREPow,https://www.grepow.com/lihv-battery/3-8-v-high-voltage-25c-lipo-battery-cells.html,0,GRP9942126,Pouch,6800,120,117.5,126.5,9.6,42,3.8
GREPow,https://www.grepow.com/lihv-battery/3-8-v-high-voltage-25c-lipo-battery-cells.html,0,GRP93A6105,Pouch,10500,84,190,105.5,9,105.5,3.8
GREPow,https://www.grepow.com/lihv-battery/3-8-v-high-voltage-25c-lipo-battery-cells.html,0,GRPA875175,Pouch,16000,112,292,174,10.5,74.5,3.8
GREPow,https://www.grepow.com/lihv-battery/3-8-v-high-voltage-25c-lipo-battery-cells.html,0,GRPA975175,Pouch,16800,117.6,295,174.5,10.6,74.5,3.8
GREPow,https://www.grepow.com/lihv-battery/3-8-v-high-voltage-25c-lipo-battery-cells.html,0,GRP9780218,Pouch,20000,140,350,218,9.4,80,3.8
GREPow,https://www.grepow.com/lihv-battery/3-8-v-high-voltage-25c-lipo-battery-cells.html,0,GRPA695183,Pouch,21000,147,378,182,10.3,94.5,3.8
GREPow,https://www.grepow.com/lihv-battery/3-8-v-high-voltage-25c-lipo-battery-cells.html,0,GRP9986218,Pouch,22000,154,386,217,9.6,85,3.8
GREPow,https://www.grepow.com/lihv-battery/3-8-v-high-voltage-25c-lipo-battery-cells.html,0,GRP91A6218,Pouch,23200,162.4,422,218,8.8,105.5,3.8
GREPow,https://www.grepow.com/lihv-battery/3-8-v-high-voltage-25c-lipo-battery-cells.html,0,GRPA4A6213,Pouch,28000,196,486,212.5,10.1,105.5,3.8
GREPow,https://www.grepow.com/lihv-battery/3-8-v-high-voltage-25c-lipo-battery-cells.html,0,GRPA2A6232,Pouch,30000,210,533,232,9.9,105.5,3.8
GREPow,https://www.grepow.com/lihv-battery/3-8-v-high-voltage-25c-lipo-battery-cells.html,0,GRPB0E3267,Pouch,50000,350,890,267,10.7,143,3.8
GREPow,https://www.grepow.com/lihv-battery/3-8-v-high-voltage-30c-lipo-battery-cells.html,0,GRP6711060,Pouch,300,6,7,60.3,6.3,10.5,3.8
GREPow,https://www.grepow.com/lihv-battery/3-8-v-high-voltage-30c-lipo-battery-cells.html,0,GRP6716062,Pouch,550,16.5,12.5,62,6.5,15.5,3.8
GREPow,https://www.grepow.com/lihv-battery/3-8-v-high-voltage-30c-lipo-battery-cells.html,0,GRP4235060,Pouch,770,23.1,16.5,59,3.9,34,3.8
GREPow,https://www.grepow.com/lihv-battery/3-8-v-high-voltage-30c-lipo-battery-cells.html,0,GRP5919096,Pouch,1000,30,21.5,97,5.7,19,3.8
GREPow,https://www.grepow.com/lihv-battery/3-8-v-high-voltage-30c-lipo-battery-cells.html,0,GRP7727066,Pouch,1300,39,26,65.5,7.4,26.5,3.8
GREPow,https://www.grepow.com/lihv-battery/3-8-v-high-voltage-30c-lipo-battery-cells.html,0,GRP5042070,Pouch,1400,42,28.5,71,4.8,42,3.8
GREPow,https://www.grepow.com/lihv-battery/3-8-v-high-voltage-30c-lipo-battery-cells.html,0,GRP7142126,Pouch,3800,96,76.5,127,6.8,41.5,3.8
GREPow,https://www.grepow.com/lihv-battery/3-8-v-high-voltage-30c-lipo-battery-cells.html,0,GRP8142126,Pouch,4350,96,85,126.5,7.7,41.5,3.8
GREPow,https://www.grepow.com/lihv-battery/3-8-v-high-voltage-30c-lipo-battery-cells.html,0,GRP7743143,Pouch,5000,120,96,143.5,7.4,42,3.8
GREPow,https://www.grepow.com/lihv-battery/3-8-v-high-voltage-30c-lipo-battery-cells.html,0,GRPA040121,Pouch,5400,96,102,122,9.8,39.5,3.8
GREPow,https://www.grepow.com/lihv-battery/3-8-v-high-voltage-30c-lipo-battery-cells.html,0,GRP7645150,Pouch,5600,120,110,150,7.3,44.5,3.8
GREPow,https://www.grepow.com/lihv-battery/3-8-v-high-voltage-30c-lipo-battery-cells.html,0,GRP9542124,Pouch,6300,120,109,125,9.2,41.5,3.8
GREPow,https://www.grepow.com/lihv-battery/3-8-v-high-voltage-30c-lipo-battery-cells.html,0,GRP9543143,Pouch,6500,120,124,143.5,9.2,42,3.8
GREPow,https://www.grepow.com/lihv-battery/3-8-v-high-voltage-30c-lipo-battery-cells.html,0,GRP9744124,Pouch,6550,120,118,124.5,9.4,42.5,3.8
GREPow,https://www.grepow.com/lihv-battery/3-8-v-high-voltage-30c-lipo-battery-cells.html,0,GRP9942124,Pouch,6600,120,113,124.5,9.5,41.5,3.8
GREPow,https://www.grepow.com/lihv-battery/3-8-v-high-voltage-30c-lipo-battery-cells.html,0,GRP9943143,Pouch,6800,120,129,143.5,9.6,42,3.8
GREPow,https://www.grepow.com/lihv-battery/3-8-v-high-voltage-30c-lipo-battery-cells.html,0,GRP6472150,Pouch,7000,210,138,149,6.2,71.5,3.8
GREPow,https://www.grepow.com/lihv-battery/3-8-v-high-voltage-30c-lipo-battery-cells.html,0,GRP8882218,Pouch,18500,148,343,218,8.5,81.5,3.8
GREPow,https://www.grepow.com/lihv-battery/3-8-v-high-voltage-30c-lipo-battery-cells.html,0,GRP9482218,Pouch,20000,160,368,217.5,9.1,81,3.8
GREPow,https://www.grepow.com/lihv-battery/3-8-v-high-voltage-30c-lipo-battery-cells.html,0,GRPA8A6232,Pouch,30000,240,546,232,10.5,105.5,3.8
GREPow,https://www.grepow.com/lihv-battery/3-8-v-high-voltage-35c-lipo-battery-cells.html,0,GRP6534096,Pouch,2000,70,42,96.5,6.3,33.5,3.8
GREPow,https://www.grepow.com/lihv-battery/3-8-v-high-voltage-35c-lipo-battery-cells.html,0,GRP7845150,Pouch,5600,120,112,150,7.5,44.5,3.8
GREPow,https://www.grepow.com/lihv-battery/3-8-v-high-voltage-35c-lipo-battery-cells.html,0,GRPA8A6232,Pouch,28000,252,556,232,10.5,105.5,3.8
GREPow,https://www.grepow.com/lihv-battery/3-8-v-high-voltage-35c-lipo-battery-cells.html,0,GRP92C0245,Pouch,30000,270,570,245,8.9,119.5,3.8
GREPow,https://www.grepow.com/lihv-battery/3-8-v-high-voltage-35c-lipo-battery-cells.html,0,GRPB8E6197,Pouch,41000,369,789,197,12.5,145.5,3.8
GREPow,https://www.grepow.com/lihv-battery/3-8-v-high-voltage-40c-lipo-battery-cells.html,0,GRP6534096,Pouch,850,34,18.5,59,4.5,34,3.8
GREPow,https://www.grepow.com/lihv-battery/3-8-v-high-voltage-40c-lipo-battery-cells.html,0,GRP8035062,Pouch,1400,56,33,62.5,7.7,34.5,3.8
GREPow,https://www.grepow.com/lihv-battery/3-8-v-high-voltage-40c-lipo-battery-cells.html,0,GRP9435062,Pouch,1650,66,39,63,9.1,34.5,3.8
GREPow,https://www.grepow.com/lihv-battery/3-8-v-high-voltage-40c-lipo-battery-cells.html,0,GRP4468088,Pouch,2000,80,47,87.5,4.2,67,3.8
GREPow,https://www.grepow.com/lihv-battery/3-8-v-high-voltage-40c-lipo-battery-cells.html,0,GRP47B5140,Pouch,6100,240,141,139,4.5,114.5,3.8
Molicell,https://www.molicel.com/products-applications/explore-by-product/,Molicell,P26A,Cylinder,2600,35,50,65.2,18.6,N/A,3.6
Molicell,https://www.molicel.com/products-applications/explore-by-product/,Molicell,P30B,Cylinder,3000,36,47,65.2,18.6,N/A,3.6
Molicell,https://www.molicel.com/products-applications/explore-by-product/,Molicell,P42A,Cylinder,4200,45,70,70.15,21.55,N/A,3.6
Molicell,https://www.molicel.com/products-applications/explore-by-product/,Molicell,P45B,Cylinder,4500,45,70,70.15,21.55,N/A,3.6
Molicell,https://www.molicel.com/products-applications/explore-by-product/,Molicell,P50B,Cylinder,5000,60,71,70.15,21.55,N/A,3.6
BATEMO,https://www.batemo.com/products/batemo-cell-explorer/a123-systems-26700-nca-gl/#get-report-popup,A123,26700 NCA GL,Cylinder,3300,5.49,87.6,69.5,25.8,N/A,3.6
BATEMO,https://www.batemo.com/products/batemo-cell-explorer/a123-systems-26700-nca-gf/,A123,26700 NCA GF,Cylinder,3300,8.45,87.7,69.5,25.8,N/A,3.6
DIY500AMP,https://diy500amp.com/products/ampace-jp30-18650-3000mah-36a?srsltid=AfmBOortCHRIthYZKqJI7UwqUm6260NfnjvF-dKahCldOX8VoxD-skYz,Ampace,JP30,Cylinder,3000,56,50,65.23,18.56,N/A,3.7
BeCell,https://www.becellbattery.com/shop/eve-50pl-battery-packs/,EVE,50PL,Cylinder,5000,125,72,70,21,N/A,3.6
18650BatteryStore,https://www.18650batterystore.com/products/eve-40pl-21700-4000mah-70a-battery?srsltid=AfmBOoqbUQ0si4NQPVsdxkLw03K91MHNyHAwTUXbootvFkA0GXycJKIn,EVE,40PL,Cylinder,4000,70,68,70,21.4,N/A,3.6
FlashlightToGo,https://flashlightgo.com/products/ampace-jp40-4000mah-45a-21700-battery,AMpace,JP40,Cylinder,4000,8,70,70,21.4,N/A,3.7
18650BatteryStore,https://www.18650batterystore.com/products/bak-45d-21700-4500mah-60a-battery?srsltid=AfmBOoqWik4auYfh2cMT7O8FXXUXuchmsNuvkM42KNjffYgOKRCN_5mQ,BAK,45D,Cylinder,4500,60,70,70,21.4,N/A,3.6
18650BatteryStore,https://www.18650batterystore.com/products/samsung-45t-21700-4500mah-50a-battery?srsltid=AfmBOopeKp0MfmQU_ETE8CHk3wx59Y_GJnKIz2aFj8M54b1YISBw2-gY,Samsung,45T,Cylinder,4500,50,70,70,21.4,N/A,3.6
18650-21700,https://18650-21700.com/products/am04-21700-160-amp-capable-racing-performance-long-life,0,AM04,Cylinder,4050,50,70,70,21.4,N/A,3.6
